--
-- PostgreSQL database dump
--

-- Dumped from database version 12.16 (Ubuntu 12.16-0ubuntu0.20.04.1)
-- Dumped by pg_dump version 12.16 (Ubuntu 12.16-0ubuntu0.20.04.1)

SET statement_timeout = 0;
SET lock_timeout = 0;
SET idle_in_transaction_session_timeout = 0;
SET client_encoding = 'UTF8';
SET standard_conforming_strings = on;
SELECT pg_catalog.set_config('search_path', '', false);
SET check_function_bodies = false;
SET xmloption = content;
SET client_min_messages = warning;
SET row_security = off;

DROP DATABASE universe;
--
-- Name: universe; Type: DATABASE; Schema: -; Owner: freecodecamp
--

CREATE DATABASE universe WITH TEMPLATE = template0 ENCODING = 'UTF8' LC_COLLATE = 'C.UTF-8' LC_CTYPE = 'C.UTF-8';


ALTER DATABASE universe OWNER TO freecodecamp;

\connect universe

SET statement_timeout = 0;
SET lock_timeout = 0;
SET idle_in_transaction_session_timeout = 0;
SET client_encoding = 'UTF8';
SET standard_conforming_strings = on;
SELECT pg_catalog.set_config('search_path', '', false);
SET check_function_bodies = false;
SET xmloption = content;
SET client_min_messages = warning;
SET row_security = off;

SET default_tablespace = '';

SET default_table_access_method = heap;

--
-- Name: galaxy; Type: TABLE; Schema: public; Owner: freecodecamp
--

CREATE TABLE public.galaxy (
    galaxy_id integer NOT NULL,
    name character varying(30) NOT NULL,
    distance_from_earth_millions_of_light_years numeric(6,4),
    observation_year integer,
    number_of_stars text
);


ALTER TABLE public.galaxy OWNER TO freecodecamp;

--
-- Name: galaxy_galaxy_id_seq; Type: SEQUENCE; Schema: public; Owner: freecodecamp
--

CREATE SEQUENCE public.galaxy_galaxy_id_seq
    AS integer
    START WITH 1
    INCREMENT BY 1
    NO MINVALUE
    NO MAXVALUE
    CACHE 1;


ALTER TABLE public.galaxy_galaxy_id_seq OWNER TO freecodecamp;

--
-- Name: galaxy_galaxy_id_seq; Type: SEQUENCE OWNED BY; Schema: public; Owner: freecodecamp
--

ALTER SEQUENCE public.galaxy_galaxy_id_seq OWNED BY public.galaxy.galaxy_id;


--
-- Name: moon; Type: TABLE; Schema: public; Owner: freecodecamp
--

CREATE TABLE public.moon (
    moon_id integer NOT NULL,
    name character varying(30) NOT NULL,
    planet_id integer,
    year_discovered integer,
    atmosphere boolean
);


ALTER TABLE public.moon OWNER TO freecodecamp;

--
-- Name: moon_moon_id_seq; Type: SEQUENCE; Schema: public; Owner: freecodecamp
--

CREATE SEQUENCE public.moon_moon_id_seq
    AS integer
    START WITH 1
    INCREMENT BY 1
    NO MINVALUE
    NO MAXVALUE
    CACHE 1;


ALTER TABLE public.moon_moon_id_seq OWNER TO freecodecamp;

--
-- Name: moon_moon_id_seq; Type: SEQUENCE OWNED BY; Schema: public; Owner: freecodecamp
--

ALTER SEQUENCE public.moon_moon_id_seq OWNED BY public.moon.moon_id;


--
-- Name: planet; Type: TABLE; Schema: public; Owner: freecodecamp
--

CREATE TABLE public.planet (
    planet_id integer NOT NULL,
    name character varying(30) NOT NULL,
    star_id integer,
    life_on_planet boolean,
    is_dwarf_planet boolean
);


ALTER TABLE public.planet OWNER TO freecodecamp;

--
-- Name: planet_planet_id_seq; Type: SEQUENCE; Schema: public; Owner: freecodecamp
--

CREATE SEQUENCE public.planet_planet_id_seq
    AS integer
    START WITH 1
    INCREMENT BY 1
    NO MINVALUE
    NO MAXVALUE
    CACHE 1;


ALTER TABLE public.planet_planet_id_seq OWNER TO freecodecamp;

--
-- Name: planet_planet_id_seq; Type: SEQUENCE OWNED BY; Schema: public; Owner: freecodecamp
--

ALTER SEQUENCE public.planet_planet_id_seq OWNED BY public.planet.planet_id;


--
-- Name: solar_system; Type: TABLE; Schema: public; Owner: freecodecamp
--

CREATE TABLE public.solar_system (
    solar_system_id integer NOT NULL,
    name character varying(30) NOT NULL,
    number_of_planets integer
);


ALTER TABLE public.solar_system OWNER TO freecodecamp;

--
-- Name: solar_system_solar_system_id_seq; Type: SEQUENCE; Schema: public; Owner: freecodecamp
--

CREATE SEQUENCE public.solar_system_solar_system_id_seq
    AS integer
    START WITH 1
    INCREMENT BY 1
    NO MINVALUE
    NO MAXVALUE
    CACHE 1;


ALTER TABLE public.solar_system_solar_system_id_seq OWNER TO freecodecamp;

--
-- Name: solar_system_solar_system_id_seq; Type: SEQUENCE OWNED BY; Schema: public; Owner: freecodecamp
--

ALTER SEQUENCE public.solar_system_solar_system_id_seq OWNED BY public.solar_system.solar_system_id;


--
-- Name: star; Type: TABLE; Schema: public; Owner: freecodecamp
--

CREATE TABLE public.star (
    star_id integer NOT NULL,
    name character varying(30) NOT NULL,
    galaxy_id integer,
    color character varying(20),
    spectral_type character varying(20)
);


ALTER TABLE public.star OWNER TO freecodecamp;

--
-- Name: star_star_id_seq; Type: SEQUENCE; Schema: public; Owner: freecodecamp
--

CREATE SEQUENCE public.star_star_id_seq
    AS integer
    START WITH 1
    INCREMENT BY 1
    NO MINVALUE
    NO MAXVALUE
    CACHE 1;


ALTER TABLE public.star_star_id_seq OWNER TO freecodecamp;

--
-- Name: star_star_id_seq; Type: SEQUENCE OWNED BY; Schema: public; Owner: freecodecamp
--

ALTER SEQUENCE public.star_star_id_seq OWNED BY public.star.star_id;


--
-- Name: galaxy galaxy_id; Type: DEFAULT; Schema: public; Owner: freecodecamp
--

ALTER TABLE ONLY public.galaxy ALTER COLUMN galaxy_id SET DEFAULT nextval('public.galaxy_galaxy_id_seq'::regclass);


--
-- Name: moon moon_id; Type: DEFAULT; Schema: public; Owner: freecodecamp
--

ALTER TABLE ONLY public.moon ALTER COLUMN moon_id SET DEFAULT nextval('public.moon_moon_id_seq'::regclass);


--
-- Name: planet planet_id; Type: DEFAULT; Schema: public; Owner: freecodecamp
--

ALTER TABLE ONLY public.planet ALTER COLUMN planet_id SET DEFAULT nextval('public.planet_planet_id_seq'::regclass);


--
-- Name: solar_system solar_system_id; Type: DEFAULT; Schema: public; Owner: freecodecamp
--

ALTER TABLE ONLY public.solar_system ALTER COLUMN solar_system_id SET DEFAULT nextval('public.solar_system_solar_system_id_seq'::regclass);


--
-- Name: star star_id; Type: DEFAULT; Schema: public; Owner: freecodecamp
--

ALTER TABLE ONLY public.star ALTER COLUMN star_id SET DEFAULT nextval('public.star_star_id_seq'::regclass);


--
-- Data for Name: galaxy; Type: TABLE DATA; Schema: public; Owner: freecodecamp
--

INSERT INTO public.galaxy VALUES (2, 'Canis Major Dwarf', 0.0250, NULL, NULL);
INSERT INTO public.galaxy VALUES (3, 'Segue 1', 0.0750, NULL, NULL);
INSERT INTO public.galaxy VALUES (4, 'Ursa Major II Dwarf', 0.0980, NULL, NULL);
INSERT INTO public.galaxy VALUES (5, 'Triangulum II', 0.0980, NULL, NULL);
INSERT INTO public.galaxy VALUES (6, 'Segue 2', 0.1140, NULL, NULL);
INSERT INTO public.galaxy VALUES (1, 'Milky Way', 0.0265, 1610, '100,000,000,000');


--
-- Data for Name: moon; Type: TABLE DATA; Schema: public; Owner: freecodecamp
--

INSERT INTO public.moon VALUES (1, 'Luna', 4, NULL, NULL);
INSERT INTO public.moon VALUES (2, 'Phobos', 3, NULL, NULL);
INSERT INTO public.moon VALUES (3, 'Deimos', 3, NULL, NULL);
INSERT INTO public.moon VALUES (4, 'Io', 5, NULL, NULL);
INSERT INTO public.moon VALUES (5, 'Europa', 5, NULL, NULL);
INSERT INTO public.moon VALUES (6, 'Callisto', 5, NULL, NULL);
INSERT INTO public.moon VALUES (7, 'Ganymede', 5, NULL, NULL);
INSERT INTO public.moon VALUES (8, 'Titan', 6, NULL, NULL);
INSERT INTO public.moon VALUES (9, 'Enceladus', 6, NULL, NULL);
INSERT INTO public.moon VALUES (10, 'Mimas', 6, NULL, NULL);
INSERT INTO public.moon VALUES (11, 'Triton', 8, NULL, NULL);
INSERT INTO public.moon VALUES (12, 'Charon', 9, NULL, NULL);
INSERT INTO public.moon VALUES (13, 'Dione', 6, NULL, NULL);
INSERT INTO public.moon VALUES (14, 'Rhea', 6, NULL, NULL);
INSERT INTO public.moon VALUES (15, 'Hyperion', 6, NULL, NULL);
INSERT INTO public.moon VALUES (16, 'Iapetus', 6, NULL, NULL);
INSERT INTO public.moon VALUES (17, 'Phoebe', 6, NULL, NULL);
INSERT INTO public.moon VALUES (18, 'Ariel', 7, NULL, NULL);
INSERT INTO public.moon VALUES (19, 'Oberon', 7, NULL, NULL);
INSERT INTO public.moon VALUES (20, 'Miranda', 7, NULL, NULL);


--
-- Data for Name: planet; Type: TABLE DATA; Schema: public; Owner: freecodecamp
--

INSERT INTO public.planet VALUES (9, 'Pluto', 1, false, true);
INSERT INTO public.planet VALUES (1, 'Mercury', 1, false, false);
INSERT INTO public.planet VALUES (2, 'Venus', 1, false, false);
INSERT INTO public.planet VALUES (3, 'Mars', 1, false, false);
INSERT INTO public.planet VALUES (4, 'Earth', 1, true, false);
INSERT INTO public.planet VALUES (5, 'Jupiter', 1, false, false);
INSERT INTO public.planet VALUES (6, 'Saturn', 1, false, false);
INSERT INTO public.planet VALUES (7, 'Uranus', 1, false, false);
INSERT INTO public.planet VALUES (8, 'Neptune', 1, false, false);
INSERT INTO public.planet VALUES (10, 'Planet b', 7, false, false);
INSERT INTO public.planet VALUES (11, 'Planet c', 7, false, false);
INSERT INTO public.planet VALUES (12, 'Planet d', 7, false, false);


--
-- Data for Name: solar_system; Type: TABLE DATA; Schema: public; Owner: freecodecamp
--

INSERT INTO public.solar_system VALUES (1, 'Our Solar System', 8);
INSERT INTO public.solar_system VALUES (2, 'Alpha Centauri', 3);
INSERT INTO public.solar_system VALUES (3, 'Trappist-1', 7);


--
-- Data for Name: star; Type: TABLE DATA; Schema: public; Owner: freecodecamp
--

INSERT INTO public.star VALUES (1, 'UY Scuti', 1, NULL, NULL);
INSERT INTO public.star VALUES (2, 'VY Canis Majoris', 1, NULL, NULL);
INSERT INTO public.star VALUES (3, 'The Sun', 1, NULL, NULL);
INSERT INTO public.star VALUES (4, 'Altair', 1, NULL, NULL);
INSERT INTO public.star VALUES (5, 'Vega', 1, NULL, NULL);
INSERT INTO public.star VALUES (6, 'Beta Canis Majoris', 2, NULL, NULL);
INSERT INTO public.star VALUES (7, 'Proxima Centauri', 1, NULL, NULL);


--
-- Name: galaxy_galaxy_id_seq; Type: SEQUENCE SET; Schema: public; Owner: freecodecamp
--

SELECT pg_catalog.setval('public.galaxy_galaxy_id_seq', 6, true);


--
-- Name: moon_moon_id_seq; Type: SEQUENCE SET; Schema: public; Owner: freecodecamp
--

SELECT pg_catalog.setval('public.moon_moon_id_seq', 20, true);


--
-- Name: planet_planet_id_seq; Type: SEQUENCE SET; Schema: public; Owner: freecodecamp
--

SELECT pg_catalog.setval('public.planet_planet_id_seq', 12, true);


--
-- Name: solar_system_solar_system_id_seq; Type: SEQUENCE SET; Schema: public; Owner: freecodecamp
--

SELECT pg_catalog.setval('public.solar_system_solar_system_id_seq', 3, true);


--
-- Name: star_star_id_seq; Type: SEQUENCE SET; Schema: public; Owner: freecodecamp
--

SELECT pg_catalog.setval('public.star_star_id_seq', 7, true);


--
-- Name: galaxy galaxy_pkey; Type: CONSTRAINT; Schema: public; Owner: freecodecamp
--

ALTER TABLE ONLY public.galaxy
    ADD CONSTRAINT galaxy_pkey PRIMARY KEY (galaxy_id);


--
-- Name: moon moon_pkey; Type: CONSTRAINT; Schema: public; Owner: freecodecamp
--

ALTER TABLE ONLY public.moon
    ADD CONSTRAINT moon_pkey PRIMARY KEY (moon_id);


--
-- Name: planet name; Type: CONSTRAINT; Schema: public; Owner: freecodecamp
--

ALTER TABLE ONLY public.planet
    ADD CONSTRAINT name UNIQUE (name);


--
-- Name: galaxy name_unique_galaxy; Type: CONSTRAINT; Schema: public; Owner: freecodecamp
--

ALTER TABLE ONLY public.galaxy
    ADD CONSTRAINT name_unique_galaxy UNIQUE (name);


--
-- Name: moon name_unique_moon; Type: CONSTRAINT; Schema: public; Owner: freecodecamp
--

ALTER TABLE ONLY public.moon
    ADD CONSTRAINT name_unique_moon UNIQUE (name);


--
-- Name: solar_system name_unique_solar; Type: CONSTRAINT; Schema: public; Owner: freecodecamp
--

ALTER TABLE ONLY public.solar_system
    ADD CONSTRAINT name_unique_solar UNIQUE (name);


--
-- Name: star name_unique_star; Type: CONSTRAINT; Schema: public; Owner: freecodecamp
--

ALTER TABLE ONLY public.star
    ADD CONSTRAINT name_unique_star UNIQUE (name);


--
-- Name: planet planet_pkey; Type: CONSTRAINT; Schema: public; Owner: freecodecamp
--

ALTER TABLE ONLY public.planet
    ADD CONSTRAINT planet_pkey PRIMARY KEY (planet_id);


--
-- Name: solar_system solar_system_pkey; Type: CONSTRAINT; Schema: public; Owner: freecodecamp
--

ALTER TABLE ONLY public.solar_system
    ADD CONSTRAINT solar_system_pkey PRIMARY KEY (solar_system_id);


--
-- Name: star star_pkey; Type: CONSTRAINT; Schema: public; Owner: freecodecamp
--

ALTER TABLE ONLY public.star
    ADD CONSTRAINT star_pkey PRIMARY KEY (star_id);


--
-- Name: moon moon_planet_id_fkey; Type: FK CONSTRAINT; Schema: public; Owner: freecodecamp
--

ALTER TABLE ONLY public.moon
    ADD CONSTRAINT moon_planet_id_fkey FOREIGN KEY (planet_id) REFERENCES public.planet(planet_id);


--
-- Name: planet planet_star_id_fkey; Type: FK CONSTRAINT; Schema: public; Owner: freecodecamp
--

ALTER TABLE ONLY public.planet
    ADD CONSTRAINT planet_star_id_fkey FOREIGN KEY (star_id) REFERENCES public.star(star_id);


--
-- Name: star star_galaxy_id_fkey; Type: FK CONSTRAINT; Schema: public; Owner: freecodecamp
--

ALTER TABLE ONLY public.star
    ADD CONSTRAINT star_galaxy_id_fkey FOREIGN KEY (galaxy_id) REFERENCES public.galaxy(galaxy_id);


--
-- PostgreSQL database dump complete
--

